{
  "Author": "MirrorMaru",
  "Name": "Papers Please !",
  "InternalName": "xiv.raid",
  "AssemblyVersion": "0.0.0.3",
  "Description": "/pp to start.",
  "ApplicableVersion": "any",
  "RepoUrl": "https://github.com/MirrorMaru/Papers-Please-",
  "Tags": [
    "fflogs",
    "tomestone",
    "parse",
    "raid"
  ],
  "DalamudApiLevel": 11,
  "LoadRequiredState": 0,
  "LoadSync": false,
  "CanUnloadAsync": false,
  "LoadPriority": 0,
  "Punchline": "Get raid information of other player directly in game !",
  "AcceptsFeedback": true
}